{"cameraMode":{"drawMode":0,"name":"Shaded","section":"Shading Mode"},"sceneLighting":true,"audioPlay":false,"sceneViewState":{"showFog":true,"showMaterialUpdate":false,"showSkybox":true,"showFlares":true,"showImageEffects":true,"showParticleSystems":true},"in2DMode":false,"pivot":{"x":0.8733820915222168,"y":0.7798633575439453,"z":-0.8954129219055176},"rotation":{"x":-0.031003275886178018,"y":0.9689939022064209,"z":-0.1721356362104416,"w":-0.17452506721019746},"size":6.209246635437012,"orthographic":false}